id;fk_user_company;created;banned;first_name;last_name;password;user_name;balance;photo
1;1;2023-04-24 10:38:47;;Johny;Brito;$2a$10$SSoxW3CmuDgjrq7FmXmI4.bMgeKjWQik4SyJrXLF4v8pQxhZjWTJ6;User1;98208.97;true
2;;2022-09-14 13:10:42;;Admin;Admin;$2a$10$uKX.Z/sdYM6D/PlRsslU.OsI9OF.dwE3TethL4vrW/2TEAf/Pb/Pu;Admin;;true
3;;2022-01-19 08:31:54;;Bryon;Ruthen;$2a$10$SSoxW3CmuDgjrq7FmXmI4.bMgeKjWQik4SyJrXLF4v8pQxhZjWTJ6;User2;1600.04;true
4;2;2023-09-02 02:25:29;;Mitzi;Hunnam;$2a$10$SSoxW3CmuDgjrq7FmXmI4.bMgeKjWQik4SyJrXLF4v8pQxhZjWTJ6;User3;2576.05;true
5;;2022-03-03 03:00:10;;Donny;Tosh;$2a$10$SSoxW3CmuDgjrq7FmXmI4.bMgeKjWQik4SyJrXLF4v8pQxhZjWTJ6;User4;568.9;true
6;;2023-10-07 14:30:53;;Raleigh;Gajownik;$2a$10$SSoxW3CmuDgjrq7FmXmI4.bMgeKjWQik4SyJrXLF4v8pQxhZjWTJ6;User5;1900.13;true
7;;2022-12-15 23:50:08;;Albina;Blais;$2a$10$SSoxW3CmuDgjrq7FmXmI4.bMgeKjWQik4SyJrXLF4v8pQxhZjWTJ6;User6;334.21;true
8;;2023-04-02 19:57:19;;Elie;Belitz;$2a$10$SSoxW3CmuDgjrq7FmXmI4.bMgeKjWQik4SyJrXLF4v8pQxhZjWTJ6;User7;1256.24;true
9;3;2022-12-30 21:25:03;;Myron;Liffey;$2a$10$SSoxW3CmuDgjrq7FmXmI4.bMgeKjWQik4SyJrXLF4v8pQxhZjWTJ6;User8;3623.96;true
10;;2022-04-20 10:34:56;;Tamarah;Field;$2a$10$SSoxW3CmuDgjrq7FmXmI4.bMgeKjWQik4SyJrXLF4v8pQxhZjWTJ6;User9;393.1;true
11;;2023-02-04 09:01:38;;Jessee;Poley;$2a$10$SSoxW3CmuDgjrq7FmXmI4.bMgeKjWQik4SyJrXLF4v8pQxhZjWTJ6;User10;1000;true
12;;2023-05-27 00:30:06;;Luther;Pryor;$2a$10$SSoxW3CmuDgjrq7FmXmI4.bMgeKjWQik4SyJrXLF4v8pQxhZjWTJ6;User11;1000;true
13;;2023-11-05 15:19:49;;Inglebert;Fiske;$2a$10$SSoxW3CmuDgjrq7FmXmI4.bMgeKjWQik4SyJrXLF4v8pQxhZjWTJ6;User12;1000;true
14;;2022-11-20 16:03:53;;Odella;Reville;$2a$10$SSoxW3CmuDgjrq7FmXmI4.bMgeKjWQik4SyJrXLF4v8pQxhZjWTJ6;User13;1000;true
15;;2022-12-29 20:11:57;;Cindelyn;Cheyenne;$2a$10$SSoxW3CmuDgjrq7FmXmI4.bMgeKjWQik4SyJrXLF4v8pQxhZjWTJ6;User14;500.05;true
16;;2023-01-10 05:31:42;;Cyndi;Staniforth;$2a$10$SSoxW3CmuDgjrq7FmXmI4.bMgeKjWQik4SyJrXLF4v8pQxhZjWTJ6;User15;1000;true
17;;2023-07-30 08:43:08;;Maisie;Wistance;$2a$10$SSoxW3CmuDgjrq7FmXmI4.bMgeKjWQik4SyJrXLF4v8pQxhZjWTJ6;User16;1000;true
18;;2022-08-18 02:09:29;;Lon;Irons;$2a$10$SSoxW3CmuDgjrq7FmXmI4.bMgeKjWQik4SyJrXLF4v8pQxhZjWTJ6;User17;900.21;true
19;;2022-05-17 21:08:49;;Rosalyn;Boost;$2a$10$SSoxW3CmuDgjrq7FmXmI4.bMgeKjWQik4SyJrXLF4v8pQxhZjWTJ6;User18;771.42;true
20;;2022-10-16 19:57:07;;Mei;Hellwich;$2a$10$SSoxW3CmuDgjrq7FmXmI4.bMgeKjWQik4SyJrXLF4v8pQxhZjWTJ6;User19;1000;true
21;;2022-07-20 10:01:17;;Flore;Ainsley;$2a$10$SSoxW3CmuDgjrq7FmXmI4.bMgeKjWQik4SyJrXLF4v8pQxhZjWTJ6;User20;1866.72;false
22;;2023-08-09 10:16:00;;Stavros;Domelow;$2a$10$SSoxW3CmuDgjrq7FmXmI4.bMgeKjWQik4SyJrXLF4v8pQxhZjWTJ6;User21;1000;false
23;;2022-01-20 16:38:17;;Thedrick;Checcuzzi;$2a$10$SSoxW3CmuDgjrq7FmXmI4.bMgeKjWQik4SyJrXLF4v8pQxhZjWTJ6;User22;1000;false
24;;2022-04-24 10:16:07;;Brandise;Slixby;$2a$10$SSoxW3CmuDgjrq7FmXmI4.bMgeKjWQik4SyJrXLF4v8pQxhZjWTJ6;User23;1000;false
25;;2022-03-11 22:44:21;;Rodina;Bunce;$2a$10$SSoxW3CmuDgjrq7FmXmI4.bMgeKjWQik4SyJrXLF4v8pQxhZjWTJ6;User24;1000;false
26;;2023-09-05 13:09:46;;Keriann;Sommerly;$2a$10$SSoxW3CmuDgjrq7FmXmI4.bMgeKjWQik4SyJrXLF4v8pQxhZjWTJ6;User25;1000;false
27;;2022-12-26 19:25:37;;Annabella;Sackler;$2a$10$SSoxW3CmuDgjrq7FmXmI4.bMgeKjWQik4SyJrXLF4v8pQxhZjWTJ6;User26;1000;false
28;;2023-03-22 18:43:50;;Odette;Cancellieri;$2a$10$SSoxW3CmuDgjrq7FmXmI4.bMgeKjWQik4SyJrXLF4v8pQxhZjWTJ6;User27;1000;false
29;;2023-02-23 15:15:34;;Therese;McIlmorie;$2a$10$SSoxW3CmuDgjrq7FmXmI4.bMgeKjWQik4SyJrXLF4v8pQxhZjWTJ6;User28;1000;false
30;;2023-07-18 07:31:26;;Thorvald;Ecles;$2a$10$SSoxW3CmuDgjrq7FmXmI4.bMgeKjWQik4SyJrXLF4v8pQxhZjWTJ6;User29;1000;false
31;;2023-01-19 20:14:22;;Joellen;O'Brien;$2a$10$SSoxW3CmuDgjrq7FmXmI4.bMgeKjWQik4SyJrXLF4v8pQxhZjWTJ6;User30;1000;false
32;;2023-08-06 06:41:28;;Alley;Fakeley;$2a$10$SSoxW3CmuDgjrq7FmXmI4.bMgeKjWQik4SyJrXLF4v8pQxhZjWTJ6;User31;1000;false
33;;2022-07-07 12:27:18;;Mordy;Serrier;$2a$10$SSoxW3CmuDgjrq7FmXmI4.bMgeKjWQik4SyJrXLF4v8pQxhZjWTJ6;User32;1000;false
34;;2023-07-18 12:16:49;;Clair;Shimwell;$2a$10$SSoxW3CmuDgjrq7FmXmI4.bMgeKjWQik4SyJrXLF4v8pQxhZjWTJ6;User33;1000;false
35;;2023-09-20 06:44:05;;Tallou;Garatty;$2a$10$SSoxW3CmuDgjrq7FmXmI4.bMgeKjWQik4SyJrXLF4v8pQxhZjWTJ6;User34;1000;false
36;;2023-07-19 17:53:04;;Sonya;Kleinberer;$2a$10$SSoxW3CmuDgjrq7FmXmI4.bMgeKjWQik4SyJrXLF4v8pQxhZjWTJ6;User35;1000;false
37;;2022-08-31 12:43:21;;Malia;Netti;$2a$10$SSoxW3CmuDgjrq7FmXmI4.bMgeKjWQik4SyJrXLF4v8pQxhZjWTJ6;User36;1000;false
38;;2022-03-19 19:15:03;;Bianca;Inge;$2a$10$SSoxW3CmuDgjrq7FmXmI4.bMgeKjWQik4SyJrXLF4v8pQxhZjWTJ6;User37;1000;false
39;;2022-06-23 05:12:47;;Jeromy;Fedorchenko;$2a$10$SSoxW3CmuDgjrq7FmXmI4.bMgeKjWQik4SyJrXLF4v8pQxhZjWTJ6;User38;1000;false
40;;2023-04-01 19:17:27;;Kristien;Sinderson;$2a$10$SSoxW3CmuDgjrq7FmXmI4.bMgeKjWQik4SyJrXLF4v8pQxhZjWTJ6;User39;1000;false
41;;2023-06-19 16:32:20;;Allsun;Parsand;$2a$10$SSoxW3CmuDgjrq7FmXmI4.bMgeKjWQik4SyJrXLF4v8pQxhZjWTJ6;User40;1000;false
42;;2022-04-11 00:58:01;;Karlene;Reignard;$2a$10$SSoxW3CmuDgjrq7FmXmI4.bMgeKjWQik4SyJrXLF4v8pQxhZjWTJ6;User41;1000;false